year,month,spread_IT,spread_GR,spread_ES,spread_PT
1990,1,,,7.8049998,
1990,2,,,6.9250002,
1990,3,,,6.855,
1990,4,,,6.7375002,
1990,5,,,6.7849998,
1990,6,,,6.6675,
1990,7,,,6.9549999,
1990,8,,,6.5025001,
1990,9,,,6.395,
1990,10,,,6.4324999,
1990,11,,,6.5675001,
1990,12,,,6.6550002,
1991,1,,,6.5725002,
1991,2,,,7.1500001,
1991,3,5.3395,,7.0725002,
1991,4,5.0755,,7.1424999,
1991,5,4.665,,7.105,
1991,6,4.6865001,,7.0925002,
1991,7,4.7045002,,6.8674998,
1991,8,4.928,,6.98,
1991,9,4.5619998,,7.0450001,
1991,10,4.4435,,7.1525002,
1991,11,4.5929999,,3.1422,
1991,12,4.7395,,3.1069117,
1992,1,4.7294998,,2.9790556,
1992,2,4.6880002,,2.8722105,
1992,3,4.5475001,,2.7686906,
1992,4,4.6550002,,2.8362999,
1992,5,4.5040002,,2.7717369,
1992,6,5.0345001,,3.2732728,
1992,7,5.5050001,,3.7024348,
1992,8,5.6389999,,4.1828094,
1992,9,6.4604998,,4.9930453,
1992,10,6.9664998,,5.5469761,
1992,11,6.1059999,,5.18045,
1992,12,6.3390002,,5.2128,
1993,1,6.2975001,,5.022079,
1993,2,6.1570001,,4.5264502,
1993,3,6.2645001,,4.712409,
1993,4,6.4295001,,4.8081002,
1993,5,5.6329999,,4.387619,
1993,6,4.8655,,3.7599092,
1993,7,4.4895,,3.6115,4.0625
1993,8,3.3915,,3.108881,3.9974999
1993,9,3.279,,2.9032726,3.54
1993,10,3.03,,2.7026,3.2850001
1993,11,3.3505001,,2.5785501,3.4075
1993,12,3.1029999,,2.4506667,3.3599999
1994,1,2.8559999,,2.17065,3.115
1994,2,2.632,,1.946,2.4449999
1994,3,3.0999999,,2.482409,2.625
1994,4,2.4400001,,2.4523001,2.6530001
1994,5,2.7075,,2.8847382,3.2965
1994,6,3.424619,,3.2310281,3.7876191
1994,7,3.8718095,,3.6921594,4.4338098
1994,8,4.3684349,,3.5884347,4.3304348
1994,9,4.4215455,,3.7061169,4.2345452
1994,10,4.5295,,3.59375,4.0485001
1994,11,4.5315714,,3.6935189,4.0185714
1994,12,4.7350478,,3.919416,4.1390476
1995,1,4.7750907,,4.2663288,4.1940908
1995,2,4.9679999,,4.1719499,4.276
1995,3,6.1756086,,4.9835176,4.7026086
1995,4,6.3166666,,5.0032778,5.0816665
1995,5,5.4366193,,4.5490189,5.0476189
1995,6,5.5999999,,4.754591,5.1069999
1995,7,5.3496189,,4.4716191,4.8276191
1995,8,4.9099131,,4.2249584,4.5639129
1995,9,4.9587617,,4.2173333,4.5647621
1995,10,5.3967619,,4.3280954,4.6547618
1995,11,5.2861819,,4.1990318,4.3981819
1995,12,5.0962629,,3.8749855,3.9552631
1996,1,4.5447273,,3.5770454,3.5527272
1996,2,4.3147144,,3.5003333,3.2457142
1996,3,4.2427621,,3.4480619,3.0147619
1996,4,3.9619999,,2.9460001,2.6830001
1996,5,3.25,,2.7246499,2.5239999
1996,6,3.0110526,,2.5498025,2.3210526
1996,7,2.9493043,,2.297174,2.2313044
1996,8,3.1817272,,2.5594416,2.4077272
1996,9,2.9413333,,2.2090476,2.0933332
1996,10,2.2243636,,1.7514941,1.5813637
1996,11,1.8334762,,1.4825761,1.3104762
1996,12,1.775,,1.2073684,1.16
1997,1,1.5709091,,1.0272424,.91590911
1997,2,1.8185,,1.19635,1.1155
1997,3,2.1537368,,1.3164737,1.1547369
1997,4,1.8701818,,1.0860909,.93318182
1997,5,1.5588889,,.85330993,.72888887
1997,6,1.3474286,3.4314287,.74880952,.69142854
1997,7,.96147823,3.8634782,.65561461,.70347828
1997,8,.99800003,3.96,.64490002,.69
1997,9,.7632727,3.8372726,.49403462,.53727275
1997,10,.61881816,3.7218182,.39703557,.40181819
1997,11,.5765,5.2034998,.40064999,.40349999
1997,12,.41063157,5.1526318,.31625062,.34263158
1998,1,.32161903,5.9176192,.28466904,.28761905
1998,2,.38600001,6.0409999,.2463,.331
1998,3,.29845455,4.3704543,.18631169,.35045454
1998,4,.244,3.2079999,.16145,.26800001
1998,5,.24326316,2.8852632,.16536842,.21526316
1998,6,.28049999,2.9414999,.22072728,.2615
1998,7,.2852174,2.9852173,.25465217,.26521739
1998,8,.3617619,3.1347618,.3157143,.33476192
1998,9,.4650909,4.1890907,.41354546,.39909092
1998,10,.42145455,4.3854547,.36340693,.36545455
1998,11,.26352382,3.5295238,.28520802,.30952382
1998,12,.13150001,3.3065,.21214999,.25650001
1999,1,.22,2.598,.17810526,.198
1999,2,.205,2.151,.17325,.171
1999,3,.23317391,1.6621739,.21656522,.20217392
1999,4,.25999999,1.78,.23635,.28
1999,5,.26689473,1.4978948,.26213282,.30789474
1999,6,.25452381,1.3895239,.23961473,.2995238
1999,7,.26163638,1.3936363,.23490909,.31363636
1999,8,.2549091,1.4409091,.29431817,.34090909
1999,9,.24154545,1.2695454,.27440909,.36954546
1999,10,.22861905,1.357619,.27161905,.32761905
1999,11,.206,1.24,.2399091,.31999999
1999,12,.21238095,.93238097,.2192381,.31238094
2000,1,.20847619,1.0604762,.21795239,.27047619
2000,2,.21742857,.98142856,.22290476,.27142859
2000,3,.24395652,.90695649,.21708696,.27695653
2000,4,.24044445,.88444442,.22655556,.29444444
2000,5,.28681818,.84181815,.24840909,.30181819
2000,6,.31863636,.86863637,.2635909,.34863636
2000,7,.32480952,.81380951,.26795238,.34380952
2000,8,.35256523,.82956523,.29015613,.35956523
2000,9,.36866668,.78666669,.29580954,.36666667
2000,10,.37085715,.76285714,.28752381,.37285715
2000,11,.39436364,.71636361,.292,.37636364
2000,12,.40747368,.64947367,.31294736,.38947368
2001,1,.37981817,.5468182,.27372727,.35681817
2001,2,.40650001,.57249999,.33925,.36250001
2001,3,.46227273,.61227274,.37318182,.42227274
2001,4,.45410526,.56210524,.35163158,.44210526
2001,5,.4021818,.49318182,.31636363,.37318182
2001,6,.39899999,.47999999,.32657143,.38
2001,7,.4000909,.50409091,.33195454,.37409091
2001,8,.39108697,.50608695,.33186957,.36608696
2001,9,.38299999,.49700001,.32545,.35699999
2001,10,.36443478,.47043478,.30939129,.32043478
2001,11,.35227272,.45227271,.31299999,.31227273
2001,12,.31111765,.39411765,.23189543,.27411765
2002,1,.27927274,.36727273,.1825909,.21727273
2002,2,.27950001,.39050001,.18695,.2305
2002,3,.25,.34900001,.1753,.229
2002,4,.24876191,.3547619,.18042856,.23476191
2002,5,.23827273,.35227272,.19368182,.23227273
2002,6,.2375,.3425,.21359999,.24250001
2002,7,.24160869,.34260869,.20156522,.25260869
2002,8,.23845455,.36045456,.18818182,.26045454
2002,9,.2327619,.34476191,.19071428,.2447619
2002,10,.29308695,.32608697,.16108696,.23608695
2002,11,.25738096,.28238094,.12466667,.17238095
2002,12,.21244444,.24444444,.08997076,.11444444
2003,1,.19499999,.25,.059409089,.090000004
2003,2,.20200001,.285,.055750001,.085000001
2003,3,.18452381,.25952381,.034761906,.079523809
2003,4,.16500001,.233,.0414,.033
2003,5,.21976191,.20476191,.061428573,.094761908
2003,6,.20533334,.19333333,.071476191,.15333334
2003,7,.1593913,.1473913,.058608696,.12739131
2003,8,.163,.16,.061380953,.13
2003,9,.14263636,.14863637,.037636362,.11863636
2003,10,.16069566,.15869565,.047347825,.13869566
2003,11,.15800001,.15700001,.04535,.127
2003,12,.16794737,.15894736,.048263159,.10894737
2004,1,.14604762,.19904763,.020619048,.07904762
2004,2,.233,.23999999,.038150001,.079999998
2004,3,.25552174,.25652173,.09821739,.086521737
2004,4,.25400001,.25299999,.10205,.153
2004,5,.23966667,.23666666,.081047617,.16666667
2004,6,.23127273,.23727272,.077454545,.15727273
2004,7,.20318182,.20318182,.044681817,.11318181
2004,8,.19654545,.19954546,.070636362,.099545456
2004,9,.23463637,.20363636,.066090912,.10363636
2004,10,.23423809,.21523809,.070666663,.095238097
2004,11,.21954545,.18954545,.070409089,.079545453
2004,12,.21247619,.19047619,.063824013,.060476191
2005,1,.14623809,.12523809,.026190476,-.0047619049
2005,2,.134,.146,.036649998,.0060000001
2005,3,.14080952,.22380953,.037238095,.0038095238
2005,4,.17061904,.27761903,.046904761,.017619047
2005,5,.24890909,.29590908,.055590909,.045909092
2005,6,.27863637,.31363636,.059045456,.063636363
2005,7,.23228571,.25428572,.013761905,.14428571
2005,8,.21639131,.23739131,-.0013478261,.15739131
2005,9,.21927273,.23227273,.020636363,.16227272
2005,10,.20542857,.21142857,.033952381,.15142857
2005,11,.20681818,.22181818,.028409092,.13181818
2005,12,.21538095,.23238096,.030952381,.12238095
2006,1,.22263636,.27863637,.0092272731,.12863636
2006,2,.2245,.29750001,.0104,.1275
2006,3,.28560871,.31260869,.011521739,.1326087
2006,4,.32699999,.33500001,.02388889,.13500001
2006,5,.32227272,.33727273,.023590909,.10727273
2006,6,.33454546,.34954545,.027727272,.13954546
2006,7,.296,.31999999,.013904762,.13
2006,8,.28708696,.30608696,.0086521739,.17608696
2006,9,.28219047,.30619049,.0094761904,.17619048
2006,10,.28227273,.29227272,.025181819,.19227272
2006,11,.25590909,.26590911,.032909092,.17590909
2006,12,.2674737,.26947367,.045736842,.18947369
2007,1,.24618182,.26318181,.055636365,.16318181
2007,2,.23100001,.25099999,.061799999,.141
2007,3,.23509091,.2590909,.067772724,.15909091
2007,4,.21789473,.24789473,.05663158,.14789474
2007,5,.21095239,.23095238,.057238095,.16095237
2007,6,.21152382,.23952381,.059809525,.17952381
2007,7,.255,.285,.091227271,.22499999
2007,8,.28747827,.32347825,.10160869,.25347826
2007,9,.34799999,.33399999,.12800001,.27399999
2007,10,.3083913,.2973913,.095739134,.23739131
2007,11,.35990909,.34090909,.15877272,.2709091
2007,12,.33211765,.32411766,.14182353,.26411766
2008,1,.37127271,.37227273,.155,.28227273
2008,2,.40114287,.40714285,.19123809,.31714284
2008,3,.57752633,.62052631,.31815788,.56052631
2008,4,.49200001,.5,.27027273,.47999999
2008,5,.50109524,.53809524,.22024524,.39809525
2008,6,.58552378,.64952379,.27114287,.43952382
2008,7,.6045652,.65956521,.30742887,.45956522
2008,8,.61161906,.66761905,.35673669,.48761904
2008,9,.70990908,.78590912,.47424242,.56590909
2008,10,.89652175,1.0465218,.58252174,.67652172
2008,11,1.1865,1.5335,.59030002,.79350001
2008,12,1.4211053,2.0321052,.81028175,.96210527
2009,1,1.5500476,2.5290477,1.0748898,1.2490476
2009,2,1.4085,2.5725,1.10605,1.3925
2009,3,1.4384545,2.8504546,1.0392164,1.6604545
2009,4,1.223,2.3670001,.87274998,1.397
2009,5,1.044,1.849,.68325001,.91900003
2009,6,1.1323637,1.8563637,.7614091,1.0263636
2009,7,1.0351739,1.552174,.67413044,.91217393
2009,8,.81076193,1.2147619,.47314286,.64476192
2009,9,.82481819,1.2968181,.54004544,.6668182
2009,10,.89190906,1.3609091,.56199998,.64090908
2009,11,.83985716,1.6228571,.57238096,.58285713
2009,12,.86849999,2.3515,.66570002,.77149999
2010,1,.82050002,2.7625,.73114997,.91250002
2010,2,.87699997,3.29,.80809999,1.39
2010,3,.84282607,3.1378262,.72830433,1.2078261
2010,4,.93150002,4.7655001,.83692104,1.7155
2010,5,1.2507143,5.2357144,1.3498571,2.2857144
2010,6,1.5588182,6.556818,2.0123181,3.0068183
2010,7,1.4100909,7.7240911,1.8171818,2.8740909
2010,8,1.452,8.3500004,1.6871818,2.96
2010,9,1.5615455,9.0395451,1.7941818,3.7795455
2010,10,1.4542857,7.2242856,1.6908095,3.7042856
2010,11,1.6512728,8.9872723,2.1531775,4.3772726
2010,12,1.6882381,9.0952377,2.459619,3.6152382
2011,1,1.7123333,8.7133331,2.3626666,3.9333334
2011,2,1.5369999,8.2010002,2.0588,4.1409998
2011,3,1.6632608,9.228261,2.0376956,4.5882607
2011,4,1.5004737,10.519474,1.9882106,5.8494735
2011,5,1.6950909,12.879091,2.2612727,6.5690908
2011,6,1.9250909,13.799091,2.5889544,7.9790907
2011,7,2.7191904,13.406191,3.0810475,9.4061909
2011,8,3.0575218,13.686522,3.0388696,8.7165213
2011,9,3.916909,15.950909,3.3711364,9.5109091
2011,10,3.969619,16.037619,3.2489524,9.7176189
2011,11,5.182909,16.04591,4.3179998,10.015909
2011,12,4.8843808,19.212381,3.5769048,11.152381
2012,1,4.7160907,24.08909,3.5783765,12.029091
2012,2,3.6940951,27.388096,3.2591906,10.958096
2012,3,3.2185454,17.229546,3.3392727,11.179545
2012,4,4.0517893,19.855789,4.1657896,10.38579
2012,5,4.4461818,25.563181,4.7887273,10.253181
2012,6,4.6035237,26.519524,5.2889047,9.2595234
2012,7,4.7537274,24.577726,5.5527272,9.2477274
2012,8,4.4802608,22.99826,5.2395468,8.5482607
2012,9,3.7635,19.4195,4.4299998,7.1294999
2012,10,3.4860435,16.493044,4.1796346,6.7030435
2012,11,3.5150909,15.864091,4.3541818,6.9840908
2012,12,3.2425883,12.030588,4.0405326,5.9505882
2013,1,2.6957273,9.5877275,3.5380001,4.7277274
2013,2,2.9495001,9.4064999,3.6747999,4.8565001
2013,3,3.2855,10.0255,3.5668499,4.7455001
2013,4,3.0818095,10.383809,3.3949049,4.9538097
2013,5,2.669909,7.7759089,2.9522274,4.1659093
2013,6,2.8485,8.5395002,3.1401999,4.7694998
2013,7,2.8523479,8.9643478,3.0945218,5.304348
2013,8,2.684,8.2749996,2.7721817,4.8649998
2013,9,2.6529047,8.2619047,2.5288095,5.1719046
2013,10,2.485826,6.9778261,2.4541738,4.5678263
2013,11,2.4178572,6.7328572,2.4292071,4.3028569
2013,12,2.3162222,6.8622222,2.3407722,4.2422223
2014,1,2.110091,6.4240909,2.0290909,3.4540908
2014,2,2.0925,6.1415,2.0027499,3.3715
2014,3,1.8904285,5.3914285,1.8034285,2.9214287
2014,4,1.7715,4.7435002,1.64765,2.3635001
2014,5,1.7958572,5.0528569,1.6062857,2.3328571
2014,6,1.6557143,4.6657143,1.4481905,2.2357142
2014,7,1.6796522,4.985652,1.5566522,2.5756521
2014,8,1.6768095,5.1338096,1.4632095,2.5138094
2014,9,1.4786364,4.9686365,1.2746818,2.2586365
2014,10,1.6330909,6.4690909,1.3203952,2.419091
2014,11,1.571,7.381,1.35155,2.411
2014,12,1.4010526,7.8310528,1.196421,2.2210526
2015,1,1.312,9.0900002,1.1520952,2.0999999
2015,2,1.255,9.4180002,1.2111,2.0179999
2015,3,1.0667273,10.292727,.99854547,1.5127273
2015,4,1.235,11.878,1.19075,1.748
2015,5,1.2562106,10.394211,1.2148421,1.8542105
2015,6,1.4062728,10.637273,1.4412273,2.1372728
2015,7,1.332,,1.3906957,2.03
2015,8,1.2304286,9.6514282,1.3411905,1.9114286
2015,9,1.2659091,7.8859091,1.3766818,1.935909
2015,10,1.1778182,7.2918181,1.21,1.8918182
2015,11,1.0538095,6.8938093,1.2114762,2.0538096
2015,12,1.0335,7.6645002,1.1401191,1.9445
2016,1,1.1035,8.6494999,1.2974499,2.2795
2016,2,1.3851428,10.237143,1.5506667,3.057143
2016,3,1.2035714,8.9485712,1.3793334,2.6685715
2016,4,1.3077143,8.8957148,1.3792381,2.9957142
2016,5,1.3931428,7.507143,1.4336429,3.0171428
2016,6,1.4698182,7.9368181,1.4967728,3.2168181
2016,7,1.3812857,8.1442862,1.3233809,3.2142856
2016,8,1.3077391,8.3217392,1.1460434,3.0417392
2016,9,1.3500909,8.4240913,1.125,3.3440909
2016,10,1.448,8.3280001,1.0706191,3.3280001
2016,11,1.7539091,7.1409092,1.2347273,3.320909
2016,12,1.6340952,6.6880951,1.1847619,3.4880953
2017,1,1.740091,6.7890911,1.215409,3.699091
2017,2,2.0940001,7.2620001,1.4450001,3.7820001
2017,3,2.0527391,6.8217392,1.3692609,3.6417391
2017,4,2.0314445,6.4744444,1.3922222,3.5444446
2017,5,1.8576363,5.5236363,1.2320454,2.9536364
2017,6,1.8025239,5.5095239,1.201842,2.7195239
2017,7,1.7752857,4.8742857,1.1420952,2.5742857
2017,8,1.763913,5.2039132,1.1387767,2.4839129
2017,9,1.7618572,5.2128572,1.1941428,2.2828572
2017,10,1.7015001,5.2175002,1.2421818,1.9475
2017,11,1.4808182,4.911818,1.1805909,1.6718181
2017,12,1.4981579,4.143158,1.1447895,1.5331579
2018,1,1.5094545,3.3154545,.99931818,1.3754545
2018,2,1.4220001,3.4809999,.85879999,1.3710001
2018,3,1.4354762,3.7404761,.82009524,1.2604762
2018,4,1.293,3.5599999,.73830003,1.1799999
2018,5,1.73,3.8399999,.9358182,1.39
2018,6,2.4168572,4.0628572,1.0457619,1.5428572
2018,7,2.3684545,3.6054544,1.043,1.4854546
2018,8,2.8701305,3.8891304,1.0815217,1.5291305
2018,9,2.5885,3.7995,1.0713,1.5095
2018,10,3.0699091,3.9709091,1.1744744,1.560909
2018,11,3.0759091,4.1059089,1.2683182,1.5959091
2018,12,2.7879412,4.0929413,1.2391517,1.5229412
2019,1,2.6372728,4.0772729,1.2460455,1.5372727
2019,2,2.7565,3.7844999,1.22545,1.4945
2019,3,2.6790476,3.7490475,1.1159048,1.3090476
2019,4,2.6575,3.4595001,1.1018,1.2194999
2019,5,2.7785454,3.5045455,1.0142273,1.1545454
2019,6,2.5992632,2.9852631,.81466317,.90526319
2019,7,2.0422609,2.5482609,.74339128,.8282609
2019,8,2.0530908,2.629091,.79086363,.8190909
2019,9,1.4967619,2.0947618,.77814287,.7947619
2019,10,1.4735454,1.8095454,.67206717,.65954548
2019,11,1.6183809,1.712381,.73733336,.70238096
2019,12,1.6694444,1.7194444,.73594445,.70944446
2020,1,1.5886364,1.6536363,.73250002,.68363637
2020,2,1.421,1.536,.74019998,.71600002
2020,3,2.0923636,2.5113637,1.0506818,1.2513636
2020,4,2.2485001,2.4995,1.2711999,1.4195
2020,5,2.2785001,2.4465001,1.2643095,1.3265001
2020,6,1.8892857,1.7542857,.95137662,.96428573
2020,7,1.7190435,1.6630435,.89965218,.92304349
2020,8,1.5553334,1.6033334,.82433331,.88333333
2020,9,1.505091,1.6040909,.80477273,.84409094
2020,10,1.3772727,1.5072727,.77745456,.78727275
2020,11,1.2787619,1.3647619,.70885712,.68476188
2020,12,1.1964999,1.2485,.66068184,.64850003
2021,1,1.1995,1.2335,.66175002,.6135
2021,2,1.0355,1.2555,.67105001,.60549998
2021,3,1.0687826,1.2747827,.67439133,.59478259
2021,4,1.122,1.205,.69225001,.67500001
2021,5,1.2075,1.2135,.74007142,.75349998
2021,6,1.1636363,1.0986364,.73413634,.71863633
2021,7,1.1993636,1.1513636,.78413635,.72136366
2021,8,1.1666363,1.1286364,.75686365,.67863637
2021,9,1.1397272,1.1627272,.69300002,.62272727
2021,10,1.1592857,1.1642857,.6752857,.59428573
2021,11,1.3236364,1.5336363,.79031819,.70363635
2021,12,1.4312857,1.6742858,.79760391,.7442857
2022,1,1.4607619,1.734762,.77928573,.69476193
2022,2,1.6440001,2.3099999,.96214998,.91000003
2022,3,1.5722609,2.3282609,.9436087,.87826085
2022,4,1.6896842,2.1436841,.94315791,1.0136842
2022,5,2.0372727,2.5872726,1.0986364,1.1872727
2022,6,2.1900001,2.4849999,1.2035,1.205
2022,7,2.2770953,2.2980952,1.2513334,1.1780952
2022,8,2.2626522,2.4256523,1.1415217,1.1256522
2022,9,2.3425455,2.6445456,1.1565909,1.0945455
2022,10,2.3453333,2.6833334,1.1275238,1.0733334
2022,11,2.1766365,2.3536363,1.0386363,.95363635
2022,12,2.171762,2.1347618,1.025762,1.0147619
2023,1,2.0502727,2.0972726,1.0299091,.93727273
2023,2,1.8995,1.8895,1.0186,.89950001
2023,3,1.8565217,1.9065218,1.0596087,.88652176
2023,4,1.8745556,1.8605555,1.0487223,.84055555
2023,5,1.9707273,1.6377273,1.0714545,.81772727
2023,6,1.6976364,1.3336364,1.0278636,.71363634
2023,7,1.7003334,1.3933333,1.0407143,.77333331
2023,8,1.6753478,1.3343478,1.0415652,.76434785
2023,9,1.8515714,1.4185715,1.0594761,.78857142
2023,10,2.0618181,1.4768182,1.1280454,.76681817
2023,11,1.8266363,1.2786363,1.0580455,.69863635
2023,12,1.7188947,1.1778947,1.0388948,.74789476
2024,1,1.6364546,1.1154546,1.011409,.79545456
2024,2,1.5400952,1.1180953,.94061905,.72809523
2024,3,1.3465,1.0204999,.84009999,.67049998
2024,4,1.4102857,1.0442857,.83580953,.6842857
2024,5,1.3244545,1.0304545,.77936757,.64045453
2024,6,1.4575,1.1655,.87155002,.70550001
2024,7,1.3717391,1.0417391,.82213044,.64173913
2024,8,1.4742727,1.1022727,.8633182,.67227274
2024,9,1.3978572,1.0228572,.82852381,.61285716
2024,10,1.2714348,.93043476,.73804349,.50043476
2024,11,1.2632858,.88428569,.74990475,.48428571
2024,12,1.1421111,.87111109,.71176112,.50111109
2025,1,1.1923636,.86636364,.68954545,.47636363
2025,2,1.1695,.88450003,.69435,.54449999
2025,3,1.1455715,.85857141,.64776188,.54857141
2025,4,1.2015001,.92949998,.71859998,.5995
2025,5,1.0661429,.80714285,.64605194,.51714283
2025,6,.98195237,.7709524,.64838094,.50095236
2025,7,.90569568,.72869563,.61178261,.46869564
2025,8,.86466664,.69666666,.58328569,.44666666
2025,9,.8658182,.69681817,.57304543,.43681818
2025,10,.82417393,.68217391,.53356522,.40217391
2025,11,.80150002,.64249998,.52130002,.36250001
2025,12,.73778945,.62578946,.45769423,.32578948
2026,1,.68533331,.61333334,.46257144,.38333333
,,,,,
